CUST_NO,CURRENCY,BRANCH_ID,PRO_NAME,DUE_DAYS,BALANCE
2200675,VND,VN10176,Household,5,128250
2856443,VND,VN10307,Mortgage,2,500
2791801,VND,VN10166,Mortgage,29,40986
2625376,VND,VN10250,Household,8,239500
2845801,VND,VN10120,Mortgage,10,112666
3375077,VND,VN10114,Mortgage,3,29297
3010473,VND,VN10338,Mortgage,51,7636
28711,VND,VN10283,Household,8,2584035
2868223,VND,VN10212,Household,1,14143
3403839,VND,VN10338,Mortgage,6,56500
2587795,VND,VN10308,Mortgage,0,500
2604630,VND,VN10327,Household,1,580092
2705013,VND,VN10334,Household,5,195744
3278795,VND,VN10266,Mortgage,9,43597
3189135,VND,VN10341,Household,9,294500
1020066,VND,VN10233,Household,3,52234
465242,VND,VN10251,Others,4,59500
2127990,VND,VN10338,Mortgage,44,192244
2663876,VND,VN10312,Mortgage,4,3541
2141492,VND,VN10115,Mortgage,1,2769
2141492,VND,VN10115,Mortgage,1,2769
3233406,VND,VN10291,Auto,4,299556
540664,VND,VN10289,Others,2,199500
124701,VND,VN10202,Others,8,719500
1945880,VND,VN10300,Mortgage,7,40104
2361477,VND,VN10115,Auto,1,12357
2361477,VND,VN10115,Auto,1,12357
2342346,VND,VN10130,Mortgage,6,107497
857973,VND,VN10243,Household,3,267001
550078,VND,VN10351,Mortgage,1,4387
2260730,VND,VN10337,Mortgage,82,15985
3342946,VND,VN10129,Household,4,118500
2777249,VND,VN10282,Household,3,303552
3015456,VND,VN10144,Auto,1,25657
3094344,VND,VN10338,Mortgage,18,500
858586,VND,VN10183,Household,6,571497
2121391,VND,VN10186,Mortgage,17,13994
2702759,VND,VN10264,Mortgage,6,16184
2102007,VND,VN10301,Household,7,65611
2263572,VND,VN10287,Household,1,69500
2350888,VND,VN10144,Mortgage,5,6209
623405,VND,VN10301,Mortgage,9,106238
1025228,VND,VN10123,Mortgage,6,27721
2645233,VND,VN10338,Mortgage,4,3923
2940811,VND,VN10207,Mortgage,2,7509
1832173,VND,VN10307,Mortgage,6,11793
2351335,VND,VN10211,Household,2,25750
2837909,VND,VN10171,Mortgage,6,25316
3123471,VND,VN10139,Mortgage,6,27441
1360303,VND,VN10116,Others,5,499500
1360303,VND,VN10116,Others,5,499500
3398924,VND,VN10148,Auto,2,44500
2778062,VND,VN10115,Mortgage,1,500
2778062,VND,VN10115,Mortgage,1,500
3265281,VND,VN10243,Household,1,24870
2420570,VND,VN10282,Household,1,325895
3032202,VND,VN10282,Household,6,600500
1897609,VND,VN10338,Mortgage,10,38280
3267558,VND,VN10338,Mortgage,36,28230
501105,VND,VN10306,Mortgage,6,76508
3098526,VND,VN10129,Auto,6,195383
3042196,VND,VN10186,Mortgage,13,38230
3298351,VND,VN10362,Mortgage,0,500
3315725,VND,VN10254,Mortgage,8,156806
208597,VND,VN10220,Household,8,1328700
2908894,VND,VN10233,Mortgage,1,18233
3335020,VND,VN10301,Mortgage,1,19163
2905751,VND,VN10144,Auto,4,36050
2174794,VND,VN10338,Mortgage,2,2654
2575743,VND,VN10183,Auto,8,265868
3005506,VND,VN10165,Mortgage,9,23378
2059975,VND,VN10146,Others,4,1679500
926202,VND,VN10219,Auto,0,500
2895813,VND,VN10174,Mortgage,7,37129
2222330,VND,VN10338,Mortgage,5,29500
2020529,VND,VN10272,Mortgage,6,9239
176478,VND,VN10115,Household,6,47352
176478,VND,VN10115,Household,6,47352
1531811,VND,VN10287,Household,3,18314
2175136,VND,VN10306,Household,3,373328
2646612,VND,VN10231,Mortgage,3,21627
1832912,VND,VN10211,Others,7,223500
2361847,VND,VN10170,Mortgage,4,25528
3383406,VND,VN10194,Mortgage,6,17500
3032866,VND,VN10243,Mortgage,5,46281
2895334,VND,VN10315,Mortgage,1,7206
2326357,VND,VN10338,Mortgage,4,9538
1786590,VND,VN10337,Mortgage,3,24510
2230159,VND,VN10338,Mortgage,9,51104
2948877,VND,VN10163,Mortgage,6,130454
3212884,VND,VN10223,Mortgage,1,4343
2939768,VND,VN10338,Mortgage,9,108251
1653274,VND,VN10338,Mortgage,9,40797
1240311,VND,VN10247,Mortgage,7,67134
528288,VND,VN10236,Household,9,408067
2152147,VND,VN10254,Household,5,139497
2706626,VND,VN10163,Auto,3,80470
1235402,VND,VN10277,Household,7,51791
1364498,VND,VN10338,Mortgage,0,500
686270,VND,VN10135,Mortgage,0,500
2252178,VND,VN10338,Mortgage,1,1401
1585612,VND,VN10210,Mortgage,4,13750
2791249,VND,VN10275,Auto,1,34810
2330931,VND,VN10331,Mortgage,5,8463
2089829,VND,VN10338,Mortgage,7,11587
2708773,VND,VN10289,Mortgage,4,12498
1633866,VND,VN10144,Auto,4,289100
1608310,VND,VN10178,Mortgage,1,2456
3056375,VND,VN10235,Household,6,219500
33489,VND,VN10142,Household,6,419500
3256243,VND,VN10306,Mortgage,14,73930
3260471,VND,VN10180,Mortgage,10,184381
699279,VND,VN10237,Mortgage,8,38521
1471063,VND,VN10354,Others,8,39500
2861272,VND,VN10338,Mortgage,9,9850
2689448,VND,VN10338,Mortgage,10,79430
2853028,VND,VN10142,Mortgage,7,62349
2737874,VND,VN10239,Household,9,601744
3238131,VND,VN10241,Auto,1,7233
2968626,VND,VN10290,Mortgage,35,51176
2135983,VND,VN10338,Mortgage,1,1649
1214064,VND,VN10338,Mortgage,3,4712
798205,VND,VN10338,Mortgage,1,8749
902358,VND,VN10170,Mortgage,6,65533
2910944,VND,VN10192,Mortgage,4,21475
2193734,VND,VN10151,Mortgage,2,10257
2839880,VND,VN10274,Mortgage,12,500
140823,VND,VN10351,Household,3,82800
2162614,VND,VN10232,Household,36,1326798
1765897,VND,VN10282,Mortgage,5,5858
2574106,VND,VN10115,Household,8,690700
2574106,VND,VN10115,Household,8,690700
1837016,VND,VN10295,Auto,3,131780
2225584,VND,VN10261,Mortgage,9,133587
1242241,VND,VN10132,Mortgage,8,159500
3074290,VND,VN10217,Mortgage,2,28602
2082849,VND,VN10162,Household,1,24750
629658,VND,VN10356,Household,2,78620
18590,VND,VN10248,Auto,10,110583
549225,VND,VN10272,Household,2,52500
2816209,VND,VN10337,Mortgage,61,35500
3271975,VND,VN10162,Mortgage,7,68539
2534813,VND,VN10252,Mortgage,9,36692
2828525,VND,VN10338,Mortgage,7,25676
2375317,VND,VN10316,Household,2,349499
2857861,VND,VN10124,Mortgage,6,70353
2758587,VND,VN10338,Mortgage,1,1153
2642753,VND,VN10307,Mortgage,3,17784
724169,VND,VN10288,Household,4,83500
2176755,VND,VN10204,Mortgage,8,23981
1725247,VND,VN10269,Mortgage,6,33012
3005371,VND,VN10233,Mortgage,6,41500
3236592,VND,VN10220,Mortgage,2,21180
3274407,VND,VN10170,Mortgage,2,18842
2797286,VND,VN10243,Household,9,179500
3272535,VND,VN10338,Mortgage,4,14508
3153345,VND,VN10338,Mortgage,5,13117
2633338,VND,VN10247,Auto,2,30749
2398551,VND,VN10282,Household,7,783353
887655,VND,VN10323,Household,0,500
2321709,VND,VN10292,Household,5,359494
3377749,VND,VN10338,Mortgage,5,48562
2361965,VND,VN10239,Auto,9,480179
2373890,VND,VN10284,Household,38,124833
1334630,VND,VN10261,Mortgage,1,19066
1626425,VND,VN10151,Mortgage,1,2245
3352696,VND,VN10187,Mortgage,8,78155
3093422,VND,VN10118,Mortgage,6,35733
167059,VND,VN10166,Mortgage,6,115550
3353098,VND,VN10119,Mortgage,5,54190
2564605,VND,VN10151,Mortgage,5,4856
3080636,VND,VN10139,Mortgage,16,84686
2984728,VND,VN10137,Household,8,911500
2682014,VND,VN10323,Household,1,623183
3141910,VND,VN10338,Mortgage,4,29454
1218769,VND,VN10338,Mortgage,1,1167
2133984,VND,VN10338,Mortgage,6,54044
3146792,VND,VN10338,Mortgage,21,19221
3060854,VND,VN10152,Mortgage,22,4843
1777317,VND,VN10114,Mortgage,2,21876
2232043,VND,VN10259,Mortgage,10,10196
3319792,VND,VN10260,Auto,1,38944
2797234,VND,VN10350,Mortgage,9,9400
3113912,VND,VN10338,Mortgage,9,183797
2271010,VND,VN10296,Auto,5,79500
1906613,VND,VN10170,Mortgage,8,41991
3157038,VND,VN10299,Mortgage,8,75284
3159142,VND,VN10252,Mortgage,4,58276
3337987,VND,VN10298,Mortgage,4,22798
2815227,VND,VN10337,Mortgage,20,7845
939588,VND,VN10274,Mortgage,2,8931
1747825,VND,VN10308,Mortgage,8,18491
2209458,VND,VN10338,Mortgage,4,16561
2339290,VND,VN10338,Mortgage,26,5335
833004,VND,VN10321,Mortgage,9,134421
3101978,VND,VN10249,Auto,8,246796
1722697,VND,VN10338,Mortgage,3,5536
2820250,VND,VN10275,Mortgage,9,9193
1657321,VND,VN10166,Auto,10,318250
3323753,VND,VN10337,Mortgage,7,20821
3159751,VND,VN10269,Auto,1,24257
1261126,VND,VN10338,Mortgage,0,500
513274,VND,VN10322,Household,9,449500
2238429,VND,VN10239,Auto,3,31164
1859298,VND,VN10308,Mortgage,2,12145
1274859,VND,VN10331,Household,9,134500
2905578,VND,VN10338,Mortgage,5,8244
941355,VND,VN10285,Household,6,60697
2882108,VND,VN10338,Mortgage,6,11165
3044718,VND,VN10366,Mortgage,9,29955
1077628,VND,VN10341,Mortgage,1,3292
2682435,VND,VN10171,Mortgage,4,69500
3170488,VND,VN10186,Mortgage,5,49810
3330553,VND,VN10115,Mortgage,10,35404
3330553,VND,VN10115,Mortgage,10,35404
1767228,VND,VN10338,Mortgage,3,6169
1982909,VND,VN10338,Mortgage,10,67284
1380277,VND,VN10338,Mortgage,3,12661
2418405,VND,VN10355,Mortgage,1,4783
1529870,VND,VN10231,Mortgage,9,66008
2588094,VND,VN10243,Mortgage,0,500
1215525,VND,VN10351,Mortgage,2,5500
795642,VND,VN10248,Mortgage,4,131520
3343952,VND,VN10124,Mortgage,1,5500
2373359,VND,VN10338,Mortgage,0,500
3370967,VND,VN10283,Household,3,260137
2390156,VND,VN10266,Auto,7,411128
1839699,VND,VN10231,Others,8,143500
3396435,VND,VN10362,Auto,7,657500
2259019,VND,VN10338,Mortgage,1,3154
1137632,VND,VN10131,Mortgage,7,59257
2631068,VND,VN10188,Auto,3,131499
3301426,VND,VN10242,Household,1,19500
2904513,VND,VN10119,Mortgage,7,23332
563646,VND,VN10337,Mortgage,7,25688
3224561,VND,VN10338,Mortgage,2,7144
1088238,VND,VN10271,Mortgage,15,16977
3340346,VND,VN10323,Auto,8,315055
1841067,VND,VN10277,Mortgage,4,24206
2238388,VND,VN10115,Mortgage,10,64840
2238388,VND,VN10115,Mortgage,10,64840
2812011,VND,VN10211,Mortgage,3,12850
3377102,VND,VN10262,Auto,5,72938
695873,VND,VN10308,Household,8,421365
978593,VND,VN10338,Mortgage,2,4895
2858674,VND,VN10140,Mortgage,5,20974
3372914,VND,VN10338,Mortgage,10,38863
977624,VND,VN10132,Household,8,282796
1004019,VND,VN10216,Mortgage,3,17603
2177147,VND,VN10309,Mortgage,4,4524
2030791,VND,VN10301,Auto,3,220071
2587084,VND,VN10180,Household,10,119500
3061932,VND,VN10115,Mortgage,1,18608
3061932,VND,VN10115,Mortgage,1,18608
1743783,VND,VN10249,Mortgage,2,6306
3281099,VND,VN10338,Mortgage,7,46210
2089250,VND,VN10337,Mortgage,4,17660
2133776,VND,VN10250,Mortgage,2,4304
3264503,VND,VN10235,Mortgage,4,58627
3149986,VND,VN10279,Mortgage,6,117053
2746758,VND,VN10236,Auto,0,500
2734929,VND,VN10115,Auto,8,668051
2734929,VND,VN10115,Auto,8,668051
2260264,VND,VN10338,Mortgage,7,11525
2911538,VND,VN10338,Mortgage,4,38822
1788511,VND,VN10120,Mortgage,0,500
2503192,VND,VN10338,Mortgage,38,29833
2676620,VND,VN10206,Mortgage,1,6263
403805,VND,VN10243,Household,3,153250
1414807,VND,VN10310,Household,2,15046
3163449,VND,VN10337,Mortgage,46,53159
2562546,VND,VN10118,Mortgage,3,6148
3037539,VND,VN10338,Mortgage,6,21495
2006711,VND,VN10338,Mortgage,0,500
2869423,VND,VN10172,Auto,6,59631
2243530,VND,VN10338,Mortgage,0,500
3229361,VND,VN10338,Mortgage,7,23870
1082681,VND,VN10338,Mortgage,5,16543
3410344,VND,VN10182,Mortgage,4,19500
2958628,VND,VN10254,Auto,6,137200
3122444,VND,VN10364,Household,4,379567
3344454,VND,VN10140,Mortgage,2,39135
3270230,VND,VN10338,Mortgage,8,73893
3036588,VND,VN10239,Auto,3,39813
1401800,VND,VN10232,Household,9,223635
2139889,VND,VN10338,Mortgage,4,4677
2848241,VND,VN10300,Household,2,36833
2456658,VND,VN10314,Auto,10,185438
997277,VND,VN10146,Mortgage,5,26896
2448901,VND,VN10337,Mortgage,9,21052
3340738,VND,VN10176,Auto,9,263875
3236291,VND,VN10276,Household,7,9507633
1272702,VND,VN10116,Mortgage,12,12093
1272702,VND,VN10116,Mortgage,12,12093
2565189,VND,VN10338,Mortgage,9,29391
1999853,VND,VN10236,Mortgage,82,6177
3131850,VND,VN10164,Mortgage,31,58184
3289226,VND,VN10363,Mortgage,7,137578
1957332,VND,VN10337,Mortgage,5,30209
2839887,VND,VN10323,Auto,34,152856
2847732,VND,VN10114,Household,2,247317
1006660,VND,VN10337,Mortgage,0,500
2094898,VND,VN10338,Mortgage,3,28805
1840902,VND,VN10171,Mortgage,6,37400
3073651,VND,VN10142,Mortgage,10,88033
2911619,VND,VN10252,Mortgage,8,18590
1323068,VND,VN10261,Auto,4,157571
2095664,VND,VN10145,Mortgage,2,54908
1454238,VND,VN10316,Household,1,12443
2836034,VND,VN10337,Mortgage,6,8086
3200971,VND,VN10115,Household,0,500
3200971,VND,VN10115,Household,0,500
2838341,VND,VN10205,Mortgage,9,45187
481369,VND,VN10200,Household,4,47500
794106,VND,VN10151,Auto,6,128142
3354773,VND,VN10194,Mortgage,9,176473
2341696,VND,VN10307,Auto,8,544220
2399414,VND,VN10168,Mortgage,3,16088
3279779,VND,VN10289,Auto,3,153334
2255436,VND,VN10224,Mortgage,2,3928
1251924,VND,VN10243,Mortgage,1,4886
3132474,VND,VN10114,Mortgage,10,45936
3279079,VND,VN10233,Household,6,899500
2941934,VND,VN10338,Mortgage,8,11010
2623005,VND,VN10338,Mortgage,9,30847
2466922,VND,VN10307,Auto,5,21753
2835737,VND,VN10169,Auto,10,283031
3198389,VND,VN10337,Mortgage,4,24781
3019096,VND,VN10338,Mortgage,9,32145
2311513,VND,VN10140,Household,6,46136
126843,VND,VN10351,Household,9,179500
2638031,VND,VN10224,Mortgage,8,23179
2849009,VND,VN10151,Mortgage,0,500
2375054,VND,VN10242,Mortgage,5,9203
2896904,VND,VN10298,Auto,4,72976
1211765,VND,VN10267,Household,9,198248
2685912,VND,VN10192,Mortgage,1,7811
1677627,VND,VN10205,Mortgage,9,14608
3380628,VND,VN10338,Mortgage,7,19806
2340707,VND,VN10237,Mortgage,9,14630
517305,VND,VN10136,Household,9,35395
1764962,VND,VN10231,Household,9,85541
2665878,VND,VN10151,Mortgage,4,9085
3385139,VND,VN10188,Mortgage,5,49500
2861135,VND,VN10295,Mortgage,1,1055
410192,VND,VN10232,Others,5,34500
1227598,VND,VN10252,Mortgage,0,500
2359754,VND,VN10341,Mortgage,2,8012
2904890,VND,VN10338,Mortgage,2,7227
2834402,VND,VN10337,Mortgage,8,31766
2738621,VND,VN10237,Household,2,29500
2271177,VND,VN10338,Mortgage,8,44929
3386916,VND,VN10337,Mortgage,4,35500
3424052,VND,VN10166,Mortgage,3,59500
2766741,VND,VN10260,Mortgage,10,22500
2412085,VND,VN10338,Mortgage,4,10870
2077173,VND,VN10146,Household,8,66204
1129187,VND,VN10207,Mortgage,2,14959
3268191,VND,VN10274,Household,3,85750
2821977,VND,VN10242,Household,26,65300
2378834,VND,VN10219,Mortgage,3,24646
2774124,VND,VN10282,Household,3,489798
3106750,VND,VN10117,Mortgage,14,4245
2771815,VND,VN10308,Mortgage,7,34503
2989640,VND,VN10293,Mortgage,8,109739
1817315,VND,VN10231,Auto,5,316042
2710031,VND,VN10304,Household,2,39500
2885390,VND,VN10173,Mortgage,6,55900
2499538,VND,VN10337,Mortgage,5,35664
2263100,VND,VN10193,Household,9,242500
2403605,VND,VN10338,Mortgage,2,3348
2386805,VND,VN10338,Mortgage,38,61404
1160957,VND,VN10207,Mortgage,7,53256
1762501,VND,VN10338,Mortgage,1,9303
2882680,VND,VN10168,Mortgage,4,7222
2356954,VND,VN10119,Household,3,22604
3313418,VND,VN10118,Auto,1,22871
1077633,VND,VN10220,Household,4,29340
1113097,VND,VN10149,Household,2,29920
945499,VND,VN10261,Household,3,37120
655193,VND,VN10206,Household,3,383596
1146947,VND,VN10238,Household,1,4240
1734434,VND,VN10338,Mortgage,5,8836
1736360,VND,VN10282,Household,4,47000
1290786,VND,VN10203,Mortgage,4,8463
1746906,VND,VN10305,Mortgage,54,66466
1748091,VND,VN10293,Auto,9,1437005
1676298,VND,VN10337,Mortgage,8,12833
1637054,VND,VN10276,Auto,6,130399
2482869,VND,VN10252,Mortgage,2,6943
564969,VND,VN10288,Mortgage,8,22813
2843173,VND,VN10291,Auto,9,46559
900535,VND,VN10335,Household,10,81500
470901,VND,VN10312,Household,6,14396
884880,VND,VN10116,Household,2,64220
884880,VND,VN10116,Household,2,64220
893845,VND,VN10135,Household,1,33250
972625,VND,VN10338,Mortgage,3,7490
1710915,VND,VN10337,Mortgage,2,3085
1730913,VND,VN10338,Mortgage,3,3981
1767538,VND,VN10276,Household,1,85209
1803194,VND,VN10204,Mortgage,6,49086
3344225,VND,VN10337,Mortgage,1,3460
3268170,VND,VN10116,Mortgage,4,58676
3268170,VND,VN10116,Mortgage,4,58676
2085876,VND,VN10170,Mortgage,4,12386
2836408,VND,VN10165,Auto,9,399503
3062915,VND,VN10142,Household,7,61100
1945329,VND,VN10282,Household,5,48375
107753,VND,VN10365,Others,5,1979800
1279710,VND,VN10203,Household,2,77292
3034496,VND,VN10191,Mortgage,3,12971
3245801,VND,VN10338,Mortgage,16,20147
1130369,VND,VN10338,Mortgage,5,23761
3339175,VND,VN10153,Mortgage,5,23784
2720371,VND,VN10193,Mortgage,5,11614
2198309,VND,VN10331,Auto,6,302832
3327779,VND,VN10338,Mortgage,1,5308
2662586,VND,VN10169,Auto,6,159625
3142697,VND,VN10260,Mortgage,7,33374
3339280,VND,VN10181,Mortgage,1,14344
2421175,VND,VN10274,Auto,2,66965
2466057,VND,VN10338,Mortgage,10,21364
3294034,VND,VN10331,Auto,8,396166
29816,VND,VN10159,Household,10,9907437
3355162,VND,VN10167,Mortgage,1,3321
3410610,VND,VN10338,Mortgage,3,8500
707344,VND,VN10156,Mortgage,2,17656
3287084,VND,VN10338,Mortgage,1,54506
2868223,VND,VN10212,Household,1,27001
2125046,VND,VN10337,Mortgage,2,21169
2168181,VND,VN10338,Mortgage,2,3146
3271450,VND,VN10201,Auto,4,57000
3024957,VND,VN10179,Household,2,41500
873490,VND,VN10203,Auto,9,427005
3350724,VND,VN10239,Auto,9,87625
2617111,VND,VN10146,Mortgage,5,12737
84409,VND,VN10192,Household,9,449500
2793651,VND,VN10354,Mortgage,5,21587
3373799,VND,VN10289,Mortgage,5,44500
2999806,VND,VN10235,Mortgage,13,11221
3334735,VND,VN10337,Mortgage,8,38850
1401424,VND,VN10278,Mortgage,4,9940
2458453,VND,VN10308,Household,3,106271
1869409,VND,VN10291,Mortgage,0,500
1665663,VND,VN10338,Mortgage,1,4107
1547288,VND,VN10125,Household,7,192000
389788,VND,VN10282,Household,10,1861101
3359227,VND,VN10119,Mortgage,2,21130
1293248,VND,VN10241,Mortgage,9,15901
1510100,VND,VN10155,Household,2,194496
2683431,VND,VN10276,Mortgage,4,4169
2482627,VND,VN10300,Mortgage,4,9058
2559453,VND,VN10338,Mortgage,3,24497
2812318,VND,VN10276,Mortgage,3,13157
3047626,VND,VN10145,Mortgage,33,69781
3313095,VND,VN10208,Mortgage,1,3442
1073973,VND,VN10338,Mortgage,5,43409
2103417,VND,VN10178,Auto,4,226226
1155752,VND,VN10199,Mortgage,9,154458
3066320,VND,VN10338,Mortgage,6,15182
2918037,VND,VN10338,Mortgage,5,20262
3248565,VND,VN10337,Mortgage,3,8333
3266051,VND,VN10260,Mortgage,3,14215
1207417,VND,VN10280,Household,6,161500
3348048,VND,VN10168,Mortgage,3,13764
969765,VND,VN10341,Mortgage,4,31409
2622372,VND,VN10312,Mortgage,8,17216
3188974,VND,VN10251,Mortgage,0,500
1576860,VND,VN10282,Household,6,51994
3407653,VND,VN10210,Mortgage,3,28000
1770639,VND,VN10337,Mortgage,17,24510
3318410,VND,VN10279,Mortgage,7,58457
2875967,VND,VN10228,Mortgage,10,40727
1213757,VND,VN10277,Mortgage,7,103905
1246701,VND,VN10338,Mortgage,3,4911
2955374,VND,VN10253,Mortgage,9,20579
3185824,VND,VN10193,Auto,8,246356
3118093,VND,VN10338,Mortgage,2,20061
2118123,VND,VN10338,Mortgage,0,500
7842,VND,VN10248,Auto,2,82100
180247,VND,VN10228,Household,8,260165
3268230,VND,VN10293,Mortgage,2,21198
2932859,VND,VN10249,Household,8,70253
3029628,VND,VN10338,Mortgage,2,9220
567296,VND,VN10156,Others,10,446500
2672169,VND,VN10318,Auto,4,296765
1794757,VND,VN10338,Mortgage,4,14349
2642749,VND,VN10337,Mortgage,3,16208
2461814,VND,VN10341,Household,2,92546
3157079,VND,VN10138,Household,7,1157949
2552272,VND,VN10206,Auto,8,433858
2709791,VND,VN10337,Mortgage,5,21789
3407264,VND,VN10338,Mortgage,8,53900
2734645,VND,VN10115,Household,3,158071
2734645,VND,VN10115,Household,3,158071
3308792,VND,VN10320,Mortgage,2,39229
3062755,VND,VN10238,Auto,5,39083
3305626,VND,VN10282,Household,3,117904
2349913,VND,VN10169,Mortgage,3,7555
1555130,VND,VN10253,Mortgage,7,55826
2172828,VND,VN10275,Auto,0,53333
2152814,VND,VN10178,Household,0,207744
3395927,VND,VN10135,Mortgage,0,17500
2082351,VND,VN10215,Household,0,159412
2245942,VND,VN10148,Mortgage,0,10939
2364782,VND,VN10338,Mortgage,26,12247
712435,VND,VN10237,Auto,0,116519
2925062,VND,VN10173,Mortgage,62,41202
2081667,VND,VN10146,Mortgage,0,19094
850370,VND,VN10341,Household,0,146500
3323822,VND,VN10203,Mortgage,0,197527
2038357,VND,VN10282,Household,0,45047
3103530,VND,VN10247,Mortgage,0,39938
2581873,VND,VN10274,Household,0,31500
1206588,VND,VN10338,Mortgage,0,6780
3369188,VND,VN10236,Mortgage,0,26029
180973,VND,VN10169,Auto,0,270330
2872187,VND,VN10338,Mortgage,23,4747
3256334,VND,VN10337,Mortgage,0,22728
751430,VND,VN10123,Mortgage,0,4500
2613102,VND,VN10277,Household,0,2919327
3280193,VND,VN10254,Auto,0,87000
2027537,VND,VN10338,Mortgage,0,8030
3034193,VND,VN10338,Mortgage,0,16335
3264809,VND,VN10203,Auto,0,500
3404614,VND,VN10145,Household,0,500
2309954,VND,VN10119,Auto,0,40708
2051927,VND,VN10241,Auto,4,137060
450011,VND,VN10145,Household,0,103900
2087968,VND,VN10307,Mortgage,0,500
3352476,VND,VN10189,Mortgage,0,73993
1173747,VND,VN10153,Others,0,7000
2560126,VND,VN10241,Auto,0,441268
2501322,VND,VN10338,Mortgage,0,4566
3059484,VND,VN10142,Mortgage,55,196404
801313,VND,VN10144,Auto,0,55260
1982919,VND,VN10338,Mortgage,0,7068
3384457,VND,VN10337,Mortgage,0,17500
3010151,VND,VN10338,Mortgage,0,16242
1333904,VND,VN10287,Others,0,24500
3260433,VND,VN10140,Mortgage,0,23125
2324494,VND,VN10224,Household,0,213840
3305736,VND,VN10193,Auto,0,121895
2043060,VND,VN10116,Household,0,10390
2043060,VND,VN10116,Household,0,10390
3286661,VND,VN10338,Mortgage,0,9082
2587109,VND,VN10338,Mortgage,0,9260
2487786,VND,VN10241,Mortgage,6,12093
2818271,VND,VN10338,Mortgage,0,4053
3120170,VND,VN10289,Mortgage,0,500
2905156,VND,VN10193,Mortgage,31,59500
3232537,VND,VN10282,Household,0,348139
1000384,VND,VN10337,Mortgage,0,31163
2115556,VND,VN10330,Auto,0,208425
3298174,VND,VN10337,Mortgage,5,41481
2972646,VND,VN10129,Auto,0,25750
1005295,VND,VN10341,Mortgage,0,28653
1105131,VND,VN10338,Mortgage,0,19391
3380532,VND,VN10338,Mortgage,0,34500
2212734,VND,VN10236,Household,78,286588
3410936,VND,VN10223,Mortgage,0,20700
784852,VND,VN10314,Household,2,383500
2177772,VND,VN10119,Household,0,124500
3129635,VND,VN10169,Mortgage,0,10007
3136683,VND,VN10168,Auto,0,232249
3057448,VND,VN10224,Mortgage,0,10851
2868504,VND,VN10166,Mortgage,0,41496
948305,VND,VN10297,Others,0,9500
502905,VND,VN10274,Mortgage,0,23192
1830807,VND,VN10282,Mortgage,4,49365
3390250,VND,VN10337,Mortgage,0,13900
815571,VND,VN10120,Household,0,497492
3313552,VND,VN10330,Mortgage,0,29118
2462161,VND,VN10338,Mortgage,0,5412
2666585,VND,VN10338,Mortgage,4,15324
3170759,VND,VN10170,Mortgage,0,70950
2305608,VND,VN10338,Mortgage,0,500
3074481,VND,VN10119,Household,0,59500
3075245,VND,VN10115,Auto,22,25636
3075245,VND,VN10115,Auto,22,25636
3104111,VND,VN10338,Mortgage,0,14368
3396892,VND,VN10304,Mortgage,0,19500
2690491,VND,VN10173,Mortgage,0,15747
3382149,VND,VN10244,Auto,0,45500
1560624,VND,VN10115,Mortgage,0,6705
1560624,VND,VN10115,Mortgage,0,6705
2687135,VND,VN10296,Others,0,14500
3021693,VND,VN10282,Household,0,455583
3198392,VND,VN10338,Mortgage,0,15080
1675360,VND,VN10285,Mortgage,0,11815
2362721,VND,VN10285,Auto,0,500
2065716,VND,VN10178,Household,0,559204
2591784,VND,VN10210,Mortgage,0,16000
3405693,VND,VN10338,Mortgage,0,44500
2889492,VND,VN10276,Auto,0,171020
2560225,VND,VN10271,Mortgage,0,70539
74548,VND,VN10124,Mortgage,0,13423
3339384,VND,VN10338,Mortgage,0,18928
2030917,VND,VN10337,Mortgage,0,4274
2160143,VND,VN10338,Mortgage,14,2979
1513433,VND,VN10338,Mortgage,0,18264
135294,VND,VN10280,Mortgage,0,500
78242,VND,VN10291,Household,0,124500
2589760,VND,VN10192,Mortgage,0,39375
3343655,VND,VN10253,Mortgage,0,158418
1244675,VND,VN10338,Mortgage,0,25602
272510,VND,VN10300,Household,0,1025180
2182472,VND,VN10179,Mortgage,0,12352
3150368,VND,VN10163,Mortgage,0,18446
2215864,VND,VN10337,Mortgage,63,22246
1814018,VND,VN10277,Household,0,40750
2702210,VND,VN10249,Household,0,909361
185825,VND,VN10301,Household,0,106166
105640,VND,VN10282,Household,0,72043
2696947,VND,VN10172,Auto,0,107470
3122377,VND,VN10337,Mortgage,0,500
1006821,VND,VN10232,Mortgage,5,500
2694996,VND,VN10252,Mortgage,0,10556
2154479,VND,VN10254,Mortgage,0,500
1294881,VND,VN10338,Mortgage,0,52599
1099897,VND,VN10210,Household,0,45029
1951977,VND,VN10338,Mortgage,0,23066
1780498,VND,VN10337,Mortgage,0,500
2382561,VND,VN10341,Household,0,1432701
2390202,VND,VN10161,Mortgage,0,6923
3400865,VND,VN10163,Household,0,186500
3326414,VND,VN10173,Mortgage,0,23301
906873,VND,VN10338,Mortgage,0,6888
2281314,VND,VN10283,Household,0,90610
2376365,VND,VN10301,Mortgage,0,43559
3129377,VND,VN10252,Mortgage,0,43281
3029374,VND,VN10135,Mortgage,0,37116
993941,VND,VN10129,Mortgage,0,21486
1003476,VND,VN10189,Mortgage,0,7761
28578,VND,VN10276,Mortgage,0,17251
880138,VND,VN10243,Mortgage,0,124799
2655970,VND,VN10211,Mortgage,0,6979
3037792,VND,VN10337,Mortgage,0,55016
2396938,VND,VN10188,Mortgage,0,57472
1612024,VND,VN10263,Auto,0,178000
3345796,VND,VN10187,Mortgage,0,61477
2197454,VND,VN10337,Mortgage,0,15500
2114798,VND,VN10337,Mortgage,0,4725
3042830,VND,VN10216,Auto,0,361309
3386022,VND,VN10239,Mortgage,0,89500
3147514,VND,VN10216,Mortgage,0,194878
2458698,VND,VN10198,Mortgage,0,27652
2061111,VND,VN10203,Mortgage,0,16788
2121530,VND,VN10294,Household,17,221794
2331270,VND,VN10286,Household,0,479495
3267593,VND,VN10170,Mortgage,0,4344
2755478,VND,VN10338,Mortgage,0,19044
2726341,VND,VN10265,Household,0,47000
2292764,VND,VN10146,Auto,0,85835
3302464,VND,VN10282,Household,0,90298
3405499,VND,VN10338,Mortgage,0,26500
2610247,VND,VN10231,Household,0,109568
3371535,VND,VN10368,Mortgage,0,17150
635025,VND,VN10314,Mortgage,0,22746
3188106,VND,VN10174,Household,0,179500
2281893,VND,VN10155,Household,0,27300
3168110,VND,VN10162,Mortgage,0,175590
1650030,VND,VN10338,Mortgage,0,3354
3347569,VND,VN10338,Mortgage,9,13100
2164941,VND,VN10338,Mortgage,0,49049
3088848,VND,VN10338,Mortgage,0,500
655836,VND,VN10330,Household,0,500
2501813,VND,VN10304,Mortgage,0,32556
2586664,VND,VN10146,Mortgage,23,16470
2908641,VND,VN10145,Household,0,23983
814799,VND,VN10116,Household,0,317570
814799,VND,VN10116,Household,0,317570
2436716,VND,VN10169,Auto,0,47800
3038462,VND,VN10314,Auto,0,63666
2486337,VND,VN10338,Mortgage,0,7273
1965425,VND,VN10239,Mortgage,0,11457
2892243,VND,VN10338,Mortgage,0,5658
2643325,VND,VN10192,Mortgage,0,42208
3222485,VND,VN10205,Auto,0,468324
3079177,VND,VN10337,Mortgage,0,2641
2029581,VND,VN10334,Household,0,1231660
1485691,VND,VN10132,Mortgage,0,37115
107566,VND,VN10178,Household,0,1626540
2215216,VND,VN10166,Auto,0,68778
3345420,VND,VN10306,Mortgage,0,29297
2967932,VND,VN10129,Mortgage,0,20666
3405252,VND,VN10264,Auto,0,159500
2800987,VND,VN10239,Auto,0,43283
2089521,VND,VN10149,Household,0,40333
3122644,VND,VN10119,Auto,0,106749
1465702,VND,VN10338,Mortgage,0,834
1017782,VND,VN10128,Household,2,908351
455553,VND,VN10128,Household,0,513670
1426751,VND,VN10128,Household,52,500
954134,VND,VN10128,Household,0,25680
2313542,VND,VN10166,Auto,0,76502
3193931,VND,VN10338,Mortgage,0,26536
3218078,VND,VN10116,Mortgage,0,27867
3218078,VND,VN10116,Mortgage,0,27867
1886263,VND,VN10338,Mortgage,0,8402
2575701,VND,VN10323,Mortgage,0,31822
963997,VND,VN10225,Household,0,89500
3161081,VND,VN10239,Auto,0,72999
2684574,VND,VN10337,Mortgage,0,13504
1721808,VND,VN10129,Mortgage,0,26123
3345329,VND,VN10144,Auto,0,143472
2995720,VND,VN10152,Auto,0,254380
2951570,VND,VN10243,Mortgage,0,31671
1945791,VND,VN10338,Mortgage,0,14998
1495549,VND,VN10338,Mortgage,0,31312
2900468,VND,VN10314,Auto,5,188165
797219,VND,VN10338,Mortgage,0,12963
1627021,VND,VN10337,Mortgage,0,35912
3320310,VND,VN10338,Mortgage,0,5084
2795923,VND,VN10282,Household,0,564922
2638729,VND,VN10311,Household,0,373415
1509823,VND,VN10338,Mortgage,22,29045
3334065,VND,VN10291,Mortgage,0,23241
2540734,VND,VN10275,Household,0,79390
3249201,VND,VN10338,Mortgage,0,39045
2300440,VND,VN10244,Household,1,500
3034282,VND,VN10131,Mortgage,0,41476
2564959,VND,VN10338,Mortgage,0,75382
2755798,VND,VN10167,Mortgage,0,2998
2954301,VND,VN10338,Mortgage,0,15586
3342442,VND,VN10338,Mortgage,0,68095
2226093,VND,VN10338,Mortgage,0,2300
1269050,VND,VN10241,Mortgage,0,45894
1293240,VND,VN10338,Mortgage,0,10635
3397000,VND,VN10338,Mortgage,0,8500
2329059,VND,VN10338,Mortgage,0,9266
2793582,VND,VN10186,Mortgage,0,32318
3007968,VND,VN10241,Household,0,36166
3269003,VND,VN10126,Mortgage,36,71500
721826,VND,VN10311,Mortgage,0,78163
583616,VND,VN10308,Household,0,437847
3288786,VND,VN10115,Household,0,223500
3288786,VND,VN10115,Household,0,223500
3145850,VND,VN10338,Mortgage,0,141764
2191443,VND,VN10258,Mortgage,12,500
2710080,VND,VN10211,Mortgage,43,44622
3080484,VND,VN10274,Mortgage,0,6970
3118782,VND,VN10338,Mortgage,0,6488
1307246,VND,VN10338,Mortgage,0,2700
2389841,VND,VN10323,Auto,28,231009
2244658,VND,VN10338,Mortgage,0,556
2306325,VND,VN10338,Mortgage,0,5614
2600249,VND,VN10169,Mortgage,46,54853
1952573,VND,VN10115,Mortgage,0,12052
1952573,VND,VN10115,Mortgage,0,12052
3311458,VND,VN10157,Household,0,818121
3251135,VND,VN10338,Mortgage,0,77872
2266925,VND,VN10298,Mortgage,0,44996
1523695,VND,VN10175,Household,0,475500
3166066,VND,VN10231,Household,0,500
2317120,VND,VN10145,Household,0,18250
2343012,VND,VN10308,Household,0,584506
2316240,VND,VN10236,Household,0,96646
1578371,VND,VN10337,Mortgage,0,12300
3147158,VND,VN10200,Mortgage,0,72871
2535417,VND,VN10304,Auto,0,146140
1723272,VND,VN10337,Mortgage,0,18867
3228872,VND,VN10173,Auto,0,123909
3120622,VND,VN10265,Household,0,806800
2734511,VND,VN10163,Household,60,461709
2797215,VND,VN10152,Mortgage,0,23403
3364645,VND,VN10337,Mortgage,0,58970
2968693,VND,VN10299,Others,0,439500
1608372,VND,VN10338,Mortgage,0,76847
3177840,VND,VN10171,Auto,0,144850
2510674,VND,VN10338,Mortgage,0,1395
3249635,VND,VN10127,Auto,0,482834
1562377,VND,VN10337,Mortgage,0,29649
2740630,VND,VN10282,Household,0,255646
728194,VND,VN10242,Auto,0,337000
2795980,VND,VN10337,Mortgage,0,53834
2659864,VND,VN10233,Household,0,285691
1386773,VND,VN10132,Household,0,1474270
92495,VND,VN10180,Others,0,535600
683574,VND,VN10224,Mortgage,0,52154
2379857,VND,VN10338,Mortgage,0,2603
3301817,VND,VN10166,Auto,0,38389
1240547,VND,VN10351,Mortgage,0,40516
1847651,VND,VN10208,Household,0,92832
3252605,VND,VN10183,Auto,0,18475
1176051,VND,VN10259,Mortgage,0,23971
2804676,VND,VN10338,Mortgage,0,11610
3389851,VND,VN10235,Mortgage,0,59500
2129558,VND,VN10145,Auto,0,332003
1380350,VND,VN10178,Mortgage,0,59737
167152,VND,VN10261,Auto,0,85720
3240067,VND,VN10366,Mortgage,0,81742
3020845,VND,VN10179,Household,0,299500
2941592,VND,VN10330,Household,0,93550
2884303,VND,VN10269,Household,0,95648
2349154,VND,VN10282,Household,0,998
2003535,VND,VN10338,Mortgage,0,500
3065565,VND,VN10280,Mortgage,0,9354
2938837,VND,VN10282,Household,0,625796
3224282,VND,VN10310,Mortgage,0,38918
1818734,VND,VN10301,Household,0,133900
2599226,VND,VN10118,Mortgage,0,20020
3396514,VND,VN10132,Auto,0,148900
1846499,VND,VN10293,Mortgage,0,58495
2375500,VND,VN10338,Mortgage,0,1714
2370567,VND,VN10119,Household,0,81491
3410659,VND,VN10331,Mortgage,0,19500
2510039,VND,VN10138,Mortgage,0,24384
3235708,VND,VN10210,Mortgage,17,84034
1463530,VND,VN10338,Mortgage,0,41780
2915560,VND,VN10337,Mortgage,0,17974
3232691,VND,VN10167,Auto,0,500
2793392,VND,VN10128,Auto,0,77315
1360303,VND,VN10116,Others,0,1745500
1360303,VND,VN10116,Others,0,1745500
1222166,VND,VN10244,Mortgage,0,5026
1102953,VND,VN10152,Household,0,192780
3178606,VND,VN10338,Mortgage,0,26734
2451137,VND,VN10230,Mortgage,44,7110
2478221,VND,VN10244,Auto,2,73249
3079055,VND,VN10338,Mortgage,24,6704
2921372,VND,VN10338,Mortgage,0,83477
3200046,VND,VN10235,Mortgage,1,116869
3241404,VND,VN10283,Auto,10,425500
2209846,VND,VN10307,Auto,0,191998
1355820,VND,VN10132,Mortgage,0,8544
3000727,VND,VN10220,Household,0,140560
1207120,VND,VN10237,Mortgage,0,1659
1887168,VND,VN10199,Mortgage,79,7202
2271284,VND,VN10292,Household,0,65500
2906899,VND,VN10149,Household,0,55999
3198035,VND,VN10283,Household,0,685468
2573973,VND,VN10145,Mortgage,0,9500
1527277,VND,VN10204,Mortgage,0,76656
3388324,VND,VN10126,Mortgage,0,29500
3247315,VND,VN10337,Mortgage,0,500
2011740,VND,VN10248,Household,0,294083
2860807,VND,VN10338,Mortgage,0,5677
2815813,VND,VN10338,Mortgage,0,109499
1223890,VND,VN10351,Mortgage,0,5936
2650244,VND,VN10247,Auto,7,251030
1978880,VND,VN10195,Mortgage,0,800
1927907,VND,VN10249,Auto,0,143876
2575867,VND,VN10338,Mortgage,0,15511
3040158,VND,VN10178,Household,0,3159562
2037470,VND,VN10121,Mortgage,0,85379
2594413,VND,VN10137,Mortgage,0,49029
1048611,VND,VN10292,Household,0,279500
1818043,VND,VN10338,Mortgage,0,15588
2379942,VND,VN10282,Household,8,153178
2524353,VND,VN10338,Mortgage,0,5500
3234810,VND,VN10318,Mortgage,0,147446
2581757,VND,VN10166,Household,0,695000
2883654,VND,VN10338,Mortgage,0,21275
3404741,VND,VN10239,Auto,0,12400
2166416,VND,VN10152,Household,0,101496
2318857,VND,VN10247,Auto,0,69164
3035270,VND,VN10118,Mortgage,0,16867
2481391,VND,VN10223,Household,0,7695
1215402,VND,VN10338,Mortgage,0,44539
2669929,VND,VN10175,Household,0,41276
3330524,VND,VN10338,Mortgage,0,10559
3300162,VND,VN10219,Mortgage,0,65342
1878804,VND,VN10342,Mortgage,0,3523
2807379,VND,VN10268,Auto,0,152449
2508689,VND,VN10127,Auto,0,372347
1363682,VND,VN10338,Mortgage,0,3467
2584243,VND,VN10338,Mortgage,7,10269
1712723,VND,VN10118,Mortgage,0,38974
1078972,VND,VN10338,Mortgage,0,90963
3338140,VND,VN10326,Mortgage,0,59093
2586490,VND,VN10127,Auto,0,66167
2825090,VND,VN10338,Mortgage,27,4500
3306666,VND,VN10243,Mortgage,0,39115
3219071,VND,VN10244,Auto,0,33934
3078919,VND,VN10160,Household,0,38164
3280069,VND,VN10283,Auto,0,155056
859083,VND,VN10185,Mortgage,0,2537
2812298,VND,VN10295,Auto,0,46364
3018183,VND,VN10158,Mortgage,0,25533
58077,VND,VN10191,Household,0,191500
2612138,VND,VN10170,Mortgage,0,20090
711452,VND,VN10211,Household,0,51996
3084546,VND,VN10224,Mortgage,0,19617
2293619,VND,VN10338,Mortgage,16,33112
2021012,VND,VN10338,Mortgage,0,4278
2989111,VND,VN10280,Mortgage,0,5107
2345466,VND,VN10126,Mortgage,0,7894
2395586,VND,VN10211,Mortgage,61,20748
2783577,VND,VN10138,Mortgage,0,37570
1543421,VND,VN10338,Mortgage,0,30380
1819293,VND,VN10117,Mortgage,0,3642
1455281,VND,VN10337,Mortgage,0,66834
2880894,VND,VN10257,Household,0,61517
2855143,VND,VN10300,Mortgage,0,31151
3216861,VND,VN10274,Mortgage,5,19168
2818442,VND,VN10140,Mortgage,0,17554
2121680,VND,VN10166,Auto,0,123250
1594240,VND,VN10233,Mortgage,0,46197
2590990,VND,VN10338,Mortgage,0,25749
2324801,VND,VN10338,Mortgage,0,2132
2811910,VND,VN10301,Auto,0,244500
3264790,VND,VN10290,Mortgage,0,22806
2600469,VND,VN10282,Mortgage,0,37587
3044978,VND,VN10121,Household,0,120438
2596925,VND,VN10199,Mortgage,0,8201
2870590,VND,VN10191,Mortgage,0,10275
3357989,VND,VN10338,Mortgage,0,5074
3258329,VND,VN10282,Auto,0,97158
2795013,VND,VN10183,Auto,0,218798
3242860,VND,VN10337,Mortgage,0,48454
3345704,VND,VN10140,Auto,0,79740
2491477,VND,VN10114,Mortgage,3,69017
2157020,VND,VN10301,Auto,0,251500
3156024,VND,VN10337,Mortgage,48,55639
2289129,VND,VN10247,Mortgage,0,39404
79693,VND,VN10203,Household,0,190544
2707941,VND,VN10338,Mortgage,12,33243
2626345,VND,VN10184,Mortgage,0,75024
2259731,VND,VN10135,Household,0,95427
1971096,VND,VN10171,Mortgage,0,18547
1680023,VND,VN10338,Mortgage,0,2816
2746920,VND,VN10235,Household,0,969500
2676758,VND,VN10163,Household,0,1502878
2510318,VND,VN10257,Mortgage,0,2802
673727,VND,VN10170,Others,0,239500
2420669,VND,VN10341,Mortgage,0,37685
3207925,VND,VN10191,Auto,0,261699
2630894,VND,VN10294,Household,0,130300
2743372,VND,VN10338,Mortgage,0,13138
3016860,VND,VN10178,Household,0,1174671
2437398,VND,VN10337,Mortgage,0,37662
1257861,VND,VN10337,Mortgage,0,32534
2884686,VND,VN10323,Mortgage,0,36406
2508751,VND,VN10242,Auto,0,32313
3115170,VND,VN10337,Mortgage,0,29868
2515548,VND,VN10172,Household,44,133023
2263654,VND,VN10176,Mortgage,0,8249
2278000,VND,VN10202,Household,0,128500
2334505,VND,VN10120,Mortgage,0,4538
2940357,VND,VN10337,Mortgage,0,26541
2955831,VND,VN10338,Mortgage,0,14126
2852029,VND,VN10294,Mortgage,0,5438
2665604,VND,VN10338,Mortgage,0,8059
114975,VND,VN10176,Mortgage,0,45319
894231,VND,VN10338,Mortgage,0,7995
1974729,VND,VN10338,Mortgage,0,34500
2520465,VND,VN10337,Mortgage,71,23394
2436088,VND,VN10120,Mortgage,0,39500
2907211,VND,VN10274,Auto,0,73991
2616992,VND,VN10196,Mortgage,0,23438
2363580,VND,VN10146,Mortgage,4,1478
2242793,VND,VN10289,Household,0,33836
1054399,VND,VN10351,Mortgage,0,6778
2686491,VND,VN10144,Auto,0,272620
2662725,VND,VN10159,Auto,0,218300
793672,VND,VN10338,Mortgage,0,2125
2683765,VND,VN10257,Auto,0,500
2790413,VND,VN10285,Auto,0,26189
2736482,VND,VN10338,Mortgage,2,7933
1460585,VND,VN10117,Mortgage,0,102971
1368147,VND,VN10338,Mortgage,0,7427
2264525,VND,VN10282,Household,0,86999
3063467,VND,VN10135,Mortgage,0,8317
2259016,VND,VN10338,Mortgage,0,5132
954707,VND,VN10163,Auto,0,130746
2855017,VND,VN10321,Auto,7,387696
2421491,VND,VN10338,Mortgage,0,13037
1985133,VND,VN10269,Mortgage,0,8552
2793413,VND,VN10282,Household,0,3646
2828058,VND,VN10116,Mortgage,0,16183
2828058,VND,VN10116,Mortgage,0,16183
2650227,VND,VN10338,Mortgage,0,9708
3372835,VND,VN10239,Auto,0,58667
1975344,VND,VN10338,Mortgage,5,11875
1898494,VND,VN10338,Mortgage,0,6754
3135277,VND,VN10119,Auto,0,181125
2569220,VND,VN10224,Mortgage,0,3682
2795803,VND,VN10269,Mortgage,20,13900
3369608,VND,VN10138,Household,0,99500
2974949,VND,VN10145,Household,0,119500
2687191,VND,VN10338,Mortgage,0,1004
802107,VND,VN10188,Mortgage,0,30236
2634462,VND,VN10117,Mortgage,0,84171
2658202,VND,VN10196,Auto,0,500
